aaa,1111,홍길동,Holburn,5339 Ronald Regan Drive,700000000
bbb,2222,유관순,Simson,04 Lerdahl Circle,500000000
ccc,3333,이순신,Berkeley,0392 Bobwhite Trail,600000000
estuckey3,6734,Elia,Stuckey,3441 Buena Vista Point,600000000
aolyonov4,7987,Anestassia,Olyonov,49052 Tennessee Lane,700000000
sbenam5,6892,Shandee,Benam,014 Alpine Alley,700000000
rgjerde6,6168,Romonda,Gjerde,61914 Duke Plaza,600000000
abarley7,8474,Annette,Barley,342 Kennedy Parkway,600000000
etrengrove8,9169,Earle,Trengrove,10610 Monterey Center,700000000
dmilley9,4619,Dniren,Milley,1 Debs Avenue,700000000
jamdohra,8002,Janella,Amdohr,13485 Reinke Drive,1000000000
vbroadisb,7677,Vaughan,Broadis,15209 Scott Trail,1000000000
obennellc,6367,Olly,Bennell,20 Monument Circle,600000000
gcarraned,5621,Gregorio,Carrane,6326 Waywood Plaza,500000000
ilaweee,8706,Ives,Lawee,89 Meadow Ridge Terrace,1000000000
lreddingtonf,8769,Leonie,Reddington,2448 Tennessee Trail,900000000
btomblettg,5245,Burg,Tomblett,4502 Cordelia Terrace,700000000
nmacmeekingh,7696,Neel,MacMeeking,7 Cody Trail,600000000
hrheami,6331,Herta,Rheam,05115 Elka Circle,1000000000
jcroxleyj,9948,Joey,Croxley,4 North Lane,600000000
